﻿<?xml version="1.0" encoding="utf-8"?>
<DownloadTask>
  <ProjectInfo
    DeviceVersion="15.1.0.0"
    CreationTime="2023-11-08 07:16:53 (UTC)"
    Runtime="SMART"
    RtProjectName="Matkap2.HMI_1[KTP700 Basic DP]"
    RtProjectFolderName="Matkap2.HMI_1[KTP700 Basic DP]"
    DeviceType="KTP700_Basic_DP"
    DisplayOrientation="0"
    RTReleaseNo="15.1.0.0"
    ImageReleaseNo="15.1.0.0"
    RTCV="15.1.0.0"
    PRCV="15.1.0.0"
    FirmwareFileName="KTP700dp\15.1.0.0\KTP700DP_V15_01_00_00.fwf"
    RuntimeFileName="KTP700dp\15.1.0.0\KTP700DP_V15_01_00_00.fwf"
    RuntimeAddonFolderName="KTP700dp" />
  <FullDownload>pdata.srt</FullDownload>
  <FullDownload
    type="ADMINDATA">pdata.pwx</FullDownload>
  <FullDownload>pdata.ORIE.cnk</FullDownload>
  <FullDownload>pdata.ETH0.cnk</FullDownload>
  <FullDownload>pdata.IF1B.cnk</FullDownload>
</DownloadTask>